{
    "loss": 1.5922725200653076,
    "accuracy": 0.597122311592102
}