{
    "loss": 16.731279373168945,
    "accuracy": 0.5179855823516846
}