{
    "loss": 8.20970630645752,
    "accuracy": 0.5035971403121948
}